{
    "train_losses": [
        9.308284360406683,
        9.13187919734333,
        8.12164173252257,
        7.5649907662479885,
        7.174740560254336,
        6.901319951212879,
        6.7122296110648945,
        6.579934460476107,
        6.4632990118690525,
        6.332966109204397
    ],
    "train_ppls": [
        11029.010081619417,
        9245.379547602693,
        3366.54317408144,
        1929.4509629022077,
        1306.021223218298,
        993.5853346056799,
        822.4022339407826,
        720.4921069920538,
        641.1728080114941,
        562.8235165063342
    ],
    "train_times": [
        87.10928893089294,
        86.90346622467041,
        86.89546775817871,
        87.08115196228027,
        87.05328822135925,
        87.06667160987854,
        86.74734592437744,
        86.9682149887085,
        86.81922650337219,
        86.78772282600403
    ],
    "valid_losses": [
        9.248002767562866,
        8.71454918384552,
        7.610702037811279,
        7.388022482395172,
        7.023293733596802,
        6.797596335411072,
        6.632442533969879,
        6.523021221160889,
        6.395851671695709,
        6.270947277545929
    ],
    "valid_ppls": [
        10383.80611818967,
        6090.888127685416,
        2019.69550273283,
        1616.5062804859854,
        1122.4776781649375,
        895.6917595351377,
        759.3346079747706,
        680.6316207939641,
        599.3535583770456,
        528.9782298167275
    ],
    "valid_times": [
        1.338582992553711,
        1.3271746635437012,
        1.3446762561798096,
        1.4668593406677246,
        1.3669133186340332,
        1.3376562595367432,
        1.3578243255615234,
        1.3387811183929443,
        1.3467233180999756,
        1.343843936920166
    ],
    "test_loss": 6.2888147830963135,
    "test_ppl": 538.5146939806529,
    "test_bleu1": 3.538982942700386,
    "test_bleu2": 0.0,
    "test_time": 1.335258960723877
}