{
    "train_losses": [
        6.023166288888402,
        5.061712162085041,
        5.007778644561768,
        4.984748241659828,
        4.971085573608129,
        4.962520334689103,
        4.95566216649463,
        4.950373164357593,
        4.94565399312763,
        4.942282567465358
    ],
    "train_ppls": [
        412.8838377572255,
        157.86056795048506,
        149.57211402094657,
        146.1667716897492,
        144.18332405511535,
        142.95363325204679,
        141.9765873931768,
        141.2276552168421,
        140.56274786926897,
        140.0896489709499
    ],
    "train_times": [
        88.78864669799805,
        87.61198854446411,
        86.93021559715271,
        86.6663990020752,
        86.89143395423889,
        86.61006927490234,
        86.77928876876831,
        86.69570302963257,
        86.56460237503052,
        86.8171136379242
    ],
    "valid_losses": [
        5.125107109546661,
        5.0456297397613525,
        5.023157477378845,
        5.020821988582611,
        5.017392516136169,
        5.018398284912109,
        5.0189138650894165,
        5.019233286380768,
        5.019986629486084,
        5.02264928817749
    ],
    "valid_ppls": [
        168.1921556726375,
        155.34209349553544,
        151.8901371155572,
        151.53581332274467,
        151.01701553613955,
        151.1689801428194,
        151.24693996794804,
        151.29525917750686,
        151.40927936064222,
        151.81296779805047
    ],
    "valid_times": [
        1.33652925491333,
        1.3376476764678955,
        1.325523853302002,
        1.3544199466705322,
        1.3342921733856201,
        1.324838638305664,
        1.3374841213226318,
        1.3393809795379639,
        1.3305530548095703,
        1.3298070430755615
    ],
    "test_loss": 5.004745960235596,
    "test_ppl": 149.11919614073136,
    "test_bleu1": 24.054333107914104,
    "test_bleu2": 14.33895271211818,
    "test_time": 1.3131062984466553
}