{
    "train_losses": [
        5.936621409680875,
        5.079721847819862,
        5.02312569051062,
        5.000902621231416,
        4.986709386766744,
        4.915615980845716,
        4.733874720098688,
        4.6403321925764045,
        4.569100842076776,
        4.5116560490646025
    ],
    "train_ppls": [
        378.65345107765967,
        160.7293424932991,
        151.8853090805184,
        148.54718044716037,
        146.4537072079711,
        136.4033057535767,
        113.73540251966655,
        103.57874996066768,
        96.4573403871381,
        91.07251424835347
    ],
    "train_times": [
        93.12849688529968,
        92.53136491775513,
        92.52646827697754,
        92.51789879798889,
        92.506272315979,
        92.55430483818054,
        92.55052542686462,
        92.51646423339844,
        92.47953987121582,
        92.46494817733765
    ],
    "valid_losses": [
        5.159598410129547,
        5.058877408504486,
        5.037041544914246,
        5.03405225276947,
        5.0280479192733765,
        4.84698349237442,
        4.761876463890076,
        4.663084626197815,
        4.604889750480652,
        4.5609976053237915
    ],
    "valid_ppls": [
        174.09452696620315,
        157.41370581152538,
        154.01369775424217,
        153.55399325520304,
        152.6347663042919,
        127.35564057726165,
        116.96520107989117,
        105.96243305962011,
        99.97196038109219,
        95.67888199735411
    ],
    "valid_times": [
        1.5363850593566895,
        1.5197739601135254,
        1.5212743282318115,
        1.5294342041015625,
        1.5471301078796387,
        1.5570943355560303,
        1.527738332748413,
        1.5303184986114502,
        1.5202906131744385,
        1.5226526260375977
    ],
    "test_loss": 4.532496154308319,
    "test_ppl": 92.9903899839734,
    "test_bleu1": 33.80490007859946,
    "test_bleu2": 16.87078362836344,
    "test_time": 1.5200221538543701
}