{
    "train_losses": [
        9.574313474646749,
        9.5635463319686,
        9.550247112559852,
        9.541844220938662,
        9.530267736460143,
        9.519455901326587,
        9.509165062253171,
        9.49883679461374,
        9.486610387390405,
        9.476384604029718
    ],
    "train_ppls": [
        14390.355074253841,
        14236.243228956953,
        14048.165720807709,
        13930.615081094911,
        13770.277395828605,
        13622.19737774391,
        13482.732373453395,
        13344.195758118884,
        13182.037513095542,
        13047.927710742526
    ],
    "train_times": [
        133.63326859474182,
        133.6290476322174,
        133.52541875839233,
        133.43187618255615,
        133.4430742263794,
        133.47115421295166,
        133.4605405330658,
        133.46231317520142,
        133.54099225997925,
        133.571759223938
    ],
    "valid_losses": [
        9.573806405067444,
        9.551783800125122,
        9.530128479003906,
        9.508362293243408,
        9.486287355422974,
        9.464843034744263,
        9.443017363548279,
        9.421287894248962,
        9.399483323097229,
        9.377749681472778
    ],
    "valid_ppls": [
        14383.060012668506,
        14069.76995761539,
        13768.359915541601,
        13471.913196967884,
        13177.779981279396,
        12898.199858301894,
        12619.73785318054,
        12348.475513680745,
        12082.136556350895,
        11822.380675574677
    ],
    "valid_times": [
        1.7173805236816406,
        1.7137415409088135,
        1.7166545391082764,
        1.7030971050262451,
        1.7180213928222656,
        1.711137056350708,
        1.7076385021209717,
        1.706296682357788,
        1.7182915210723877,
        1.728790044784546
    ],
    "test_loss": 9.368510842323303,
    "test_ppl": 11713.658608335105,
    "test_bleu1": 0.0,
    "test_bleu2": 0.02604167675599456,
    "test_time": 1.6796941757202148
}