{
    "train_losses": [
        6.696472974600771,
        5.0301628721968195,
        4.294387415117104,
        3.875985085701627,
        3.5804749816524826,
        3.3546566910680697,
        3.1691568990110826,
        3.0079969782136087,
        2.868775941201769,
        2.743999282694073
    ],
    "train_ppls": [
        809.545496379024,
        152.95792325992278,
        73.2873059955487,
        48.23018576402636,
        35.89058416808666,
        28.635771586834345,
        23.787420701856103,
        20.246804491543234,
        17.61544266009379,
        15.549045944539087
    ],
    "train_times": [
        135.4082431793213,
        134.46386981010437,
        134.71710395812988,
        134.5950803756714,
        134.64164352416992,
        134.6311993598938,
        134.41669392585754,
        134.57737135887146,
        134.76172351837158,
        134.61851286888123
    ],
    "valid_losses": [
        5.596515774726868,
        4.5885878801345825,
        4.058677554130554,
        3.724368631839752,
        3.477240711450577,
        3.284948080778122,
        3.120978742837906,
        2.980695754289627,
        2.8582229018211365,
        2.7539036870002747
    ],
    "valid_ppls": [
        269.48582046285725,
        98.35544237728365,
        57.89769386296545,
        41.445057392920845,
        32.370279791706345,
        26.70759764120182,
        22.66855547550393,
        19.701519293932098,
        17.430523644966584,
        15.703815165417856
    ],
    "valid_times": [
        1.6924571990966797,
        1.6974623203277588,
        1.6933445930480957,
        1.6959495544433594,
        1.7006986141204834,
        1.7089965343475342,
        1.7059717178344727,
        1.7071056365966797,
        1.7037618160247803,
        1.7038068771362305
    ],
    "test_loss": 2.692883551120758,
    "test_ppl": 14.774216765928161,
    "test_bleu1": 45.28222978115082,
    "test_bleu2": 59.40644145011902,
    "test_time": 1.6797573566436768
}