{
    "train_losses": [
        7.524994616991623,
        5.825625283077425,
        5.099891677301886,
        4.796815010944652,
        4.529553194928274,
        4.328539541639421,
        4.175304313063096,
        4.049359632483663,
        3.9393054315172105,
        3.8412710643549848
    ],
    "train_ppls": [
        1853.8032470260305,
        338.8729583719067,
        164.0041409666192,
        121.12402382530566,
        92.71712534411256,
        75.8334540537659,
        65.05963514570702,
        57.36071334442584,
        51.38289996058248,
        46.58464891126221
    ],
    "train_times": [
        137.7640917301178,
        137.2715904712677,
        137.2826850414276,
        137.2751727104187,
        137.35105514526367,
        137.30366826057434,
        137.50176882743835,
        137.46755528450012,
        137.35122966766357,
        137.23579478263855
    ],
    "valid_losses": [
        6.253952503204346,
        5.193544387817383,
        4.856151819229126,
        4.5654685497283936,
        4.325655877590179,
        4.1576937437057495,
        4.011351019144058,
        3.902998983860016,
        3.8032503724098206,
        3.719997227191925
    ],
    "valid_ppls": [
        520.0643236250787,
        180.10578772094414,
        128.52864775674712,
        96.10761466524657,
        75.61509084296854,
        63.923927509131175,
        55.22142539249049,
        49.55082863574179,
        44.84671637834839,
        41.26427969052423
    ],
    "valid_times": [
        1.6940419673919678,
        1.7028448581695557,
        1.7049880027770996,
        1.6981279850006104,
        1.7028355598449707,
        1.701568841934204,
        1.7060813903808594,
        1.703582763671875,
        1.6955547332763672,
        1.7141859531402588
    ],
    "test_loss": 3.7039391696453094,
    "test_ppl": 40.606947377669236,
    "test_bleu1": 23.047821401929745,
    "test_bleu2": 36.566930787412524,
    "test_time": 1.6736199855804443
}