{
    "train_losses": [
        7.524994616991623,
        5.825625283077425,
        5.099891677301886,
        4.796815010944652,
        4.529553194928274,
        4.328539541639421,
        4.175304313063096,
        4.049359632483663,
        3.9393054315172105,
        3.8412710643549848
    ],
    "train_ppls": [
        1853.8032470260305,
        338.8729583719067,
        164.0041409666192,
        121.12402382530566,
        92.71712534411256,
        75.8334540537659,
        65.05963514570702,
        57.36071334442584,
        51.38289996058248,
        46.58464891126221
    ],
    "train_times": [
        137.4529469013214,
        137.49079728126526,
        137.15422224998474,
        137.25544953346252,
        137.33621764183044,
        137.45262622833252,
        137.52572464942932,
        137.63062381744385,
        137.66486716270447,
        137.49256658554077
    ],
    "valid_losses": [
        6.253952503204346,
        5.193544387817383,
        4.856151819229126,
        4.5654685497283936,
        4.325655877590179,
        4.1576937437057495,
        4.011351019144058,
        3.902998983860016,
        3.8032503724098206,
        3.719997227191925
    ],
    "valid_ppls": [
        520.0643236250787,
        180.10578772094414,
        128.52864775674712,
        96.10761466524657,
        75.61509084296854,
        63.923927509131175,
        55.22142539249049,
        49.55082863574179,
        44.84671637834839,
        41.26427969052423
    ],
    "valid_times": [
        1.703752040863037,
        1.694824457168579,
        1.7015199661254883,
        1.7073307037353516,
        1.7044703960418701,
        1.7060637474060059,
        1.7107057571411133,
        1.7081587314605713,
        1.707162618637085,
        1.7105128765106201
    ],
    "test_loss": 3.7039391696453094,
    "test_ppl": 40.606947377669236,
    "test_bleu1": 22.070629373787646,
    "test_bleu2": 37.872560096904465,
    "test_time": 1.6841037273406982
}